1,08/04/2022 09:37:49,17.1,-2
2,08/04/2022 09:37:49,17.1,-1.9
3,08/04/2022 09:37:49,17.1,-1.9
4,08/04/2022 09:37:49,17.1,-1.8
5,08/04/2022 09:37:49,17.1,-1.8
6,08/04/2022 09:37:49,17.1,-1.8
7,08/04/2022 09:37:49,17.1,-1.7
8,08/04/2022 09:37:49,17.2,-1.7
9,08/04/2022 09:37:49,17.2,-1.7
10,08/04/2022 09:37:49,17.2,-1.7
11,08/04/2022 09:37:49,17.2,-1.7
12,08/04/2022 09:37:50,17.2,-1.7
13,08/04/2022 09:37:50,17.2,-1.7
14,08/04/2022 09:37:50,17.2,-1.7
15,08/04/2022 09:37:50,17.2,-1.6
16,08/04/2022 09:37:50,17.2,-1.6
17,08/04/2022 09:37:51,17.2,-1.6
18,08/04/2022 09:37:51,17.2,-1.7
19,08/04/2022 09:37:51,17.2,-1.7
20,08/04/2022 09:37:51,17.2,-1.7
21,08/04/2022 09:37:51,17.2,-1.7
22,08/04/2022 09:37:52,17.2,-1.6
23,08/04/2022 09:37:52,17.2,-1.6
24,08/04/2022 09:37:52,17.2,-1.6
25,08/04/2022 09:37:52,17.2,-1.7
26,08/04/2022 09:37:52,17.2,-1.7
27,08/04/2022 09:37:53,17.2,-1.7
28,08/04/2022 09:37:53,17.2,-1.6
29,08/04/2022 09:37:53,17.2,-1.6
30,08/04/2022 09:37:53,17.2,-1.6
31,08/04/2022 09:37:53,17.2,-1.6
32,08/04/2022 09:37:54,17.2,-1.6
33,08/04/2022 09:37:54,17.2,-1.6
34,08/04/2022 09:37:54,17.2,-1.6
35,08/04/2022 09:37:54,17.2,-1.6
36,08/04/2022 09:37:54,17.2,-1.5
37,08/04/2022 09:37:55,17.3,-1.6
38,08/04/2022 09:37:55,17.3,-1.6
39,08/04/2022 09:37:55,17.3,-1.6
40,08/04/2022 09:37:55,17.3,-1.6
41,08/04/2022 09:37:55,17.3,-1.7
42,08/04/2022 09:37:56,17.3,-1.7
43,08/04/2022 09:37:56,17.3,-1.7
44,08/04/2022 09:37:56,17.3,-1.7
45,08/04/2022 09:37:56,17.3,-1.7
46,08/04/2022 09:37:56,17.3,-1.7
47,08/04/2022 09:37:57,17.3,-1.7
48,08/04/2022 09:37:57,17.3,-1.7
49,08/04/2022 09:37:57,17.3,-1.7
50,08/04/2022 09:37:57,17.3,-1.7
51,08/04/2022 09:37:57,17.3,-1.7
52,08/04/2022 09:37:58,17.3,-1.7
53,08/04/2022 09:37:58,17.3,-1.7
54,08/04/2022 09:37:58,17.3,-1.7
55,08/04/2022 09:37:58,17.3,-1.6
56,08/04/2022 09:37:58,17.3,-1.6
57,08/04/2022 09:37:59,17.2,-1.6
58,08/04/2022 09:37:59,17.2,-1.5
59,08/04/2022 09:37:59,17.2,-1.5
60,08/04/2022 09:37:59,17.2,-1.5
61,08/04/2022 09:37:59,17.2,-1.5
62,08/04/2022 09:38:00,17.2,-1.5
63,08/04/2022 09:38:00,17.2,-1.5
64,08/04/2022 09:38:00,17.2,-1.5
65,08/04/2022 09:38:00,17.2,-1.5
66,08/04/2022 09:38:00,17.2,-1.5
67,08/04/2022 09:38:01,17.2,-1.5
68,08/04/2022 09:38:01,17.2,-1.5
69,08/04/2022 09:38:01,17.2,-1.5
70,08/04/2022 09:38:01,17.2,-1.5
71,08/04/2022 09:38:01,17.2,-1.5
72,08/04/2022 09:38:02,17.2,-1.5
73,08/04/2022 09:38:02,17.2,-1.5
74,08/04/2022 09:38:02,17.2,-1.5
75,08/04/2022 09:38:02,17.2,-1.5
76,08/04/2022 09:38:02,17.2,-1.5
77,08/04/2022 09:38:03,17.2,-1.5
78,08/04/2022 09:38:03,17.2,-1.4
79,08/04/2022 09:38:03,17.2,-1.4
80,08/04/2022 09:38:03,17.2,-1.4
81,08/04/2022 09:38:03,17.1,-1.4
82,08/04/2022 09:38:04,17.1,-1.4
83,08/04/2022 09:38:04,17.1,-1.4
84,08/04/2022 09:38:04,17.1,-1.4
85,08/04/2022 09:38:04,17,-1.4
86,08/04/2022 09:38:04,17,-1.4
87,08/04/2022 09:38:05,17,-1.4
88,08/04/2022 09:38:05,17,-1.4
89,08/04/2022 09:38:05,17,-1.4
90,08/04/2022 09:38:05,17,-1.4
91,08/04/2022 09:38:05,17,-1.4
92,08/04/2022 09:38:06,17,-1.5
93,08/04/2022 09:38:06,17.1,-1.5
94,08/04/2022 09:38:06,17.1,-1.5
95,08/04/2022 09:38:06,17.2,-1.5
96,08/04/2022 09:38:06,17.2,-1.5
97,08/04/2022 09:38:07,17.3,-1.5
98,08/04/2022 09:38:07,17.3,-1.5
99,08/04/2022 09:38:07,17.4,-1.5
100,08/04/2022 09:38:07,17.5,-1.4
101,08/04/2022 09:38:07,17.5,-1.4
102,08/04/2022 09:38:08,17.6,-1.4
103,08/04/2022 09:38:08,17.7,-1.4
104,08/04/2022 09:38:08,17.8,-1.5
105,08/04/2022 09:38:08,17.9,-1.5
106,08/04/2022 09:38:08,17.9,-1.5
107,08/04/2022 09:38:09,18,-1.5
108,08/04/2022 09:38:09,18.1,-1.5
109,08/04/2022 09:38:09,18.2,-1.5
110,08/04/2022 09:38:09,18.3,-1.5
111,08/04/2022 09:38:09,18.3,-1.5
112,08/04/2022 09:38:10,18.4,-1.5
113,08/04/2022 09:38:10,18.5,-1.5
114,08/04/2022 09:38:10,18.6,-1.6
115,08/04/2022 09:38:10,18.7,-1.6
116,08/04/2022 09:38:10,18.7,-1.6
117,08/04/2022 09:38:11,18.8,-1.6
118,08/04/2022 09:38:11,18.9,-1.6
119,08/04/2022 09:38:11,18.9,-1.5
120,08/04/2022 09:38:11,18.8,-1.5
121,08/04/2022 09:38:11,18.7,-1.5
122,08/04/2022 09:38:12,18.7,-1.5
123,08/04/2022 09:38:12,18.7,-1.5
124,08/04/2022 09:38:12,18.6,-1.5
125,08/04/2022 09:38:12,18.6,-1.5
126,08/04/2022 09:38:12,18.5,-1.5
127,08/04/2022 09:38:13,18.4,-1.5
128,08/04/2022 09:38:13,18.2,-1.5
129,08/04/2022 09:38:13,18.1,-1.4
130,08/04/2022 09:38:13,18.1,-1.4
131,08/04/2022 09:38:13,18.1,-1.4
132,08/04/2022 09:38:14,18,-1.3
133,08/04/2022 09:38:14,18,-1.3
134,08/04/2022 09:38:14,17.9,-1.3
135,08/04/2022 09:38:14,17.9,-1.3
136,08/04/2022 09:38:14,17.8,-1.3
137,08/04/2022 09:38:15,17.8,-1.3
138,08/04/2022 09:38:15,17.8,-1.3
139,08/04/2022 09:38:15,17.8,-1.4
140,08/04/2022 09:38:15,17.8,-1.4
141,08/04/2022 09:38:15,17.7,-1.5
142,08/04/2022 09:38:16,17.7,-1.5
143,08/04/2022 09:38:16,17.7,-1.5
144,08/04/2022 09:38:16,17.7,-1.5
145,08/04/2022 09:38:16,17.7,-1.5
146,08/04/2022 09:38:16,17.7,-1.5
147,08/04/2022 09:38:17,17.6,-1.4
148,08/04/2022 09:38:17,17.6,-1.4
149,08/04/2022 09:38:17,17.6,-1.4
150,08/04/2022 09:38:17,17.5,-1.4
151,08/04/2022 09:38:17,17.5,-1.3
152,08/04/2022 09:38:18,17.4,-1.3
153,08/04/2022 09:38:18,17.4,-1.3
154,08/04/2022 09:38:18,17.3,-1.4
155,08/04/2022 09:38:18,17.3,-1.4
156,08/04/2022 09:38:18,17.3,-1.4
157,08/04/2022 09:38:19,17.3,-1.4
158,08/04/2022 09:38:19,17.3,-1.4
159,08/04/2022 09:38:19,17.3,-1.3
160,08/04/2022 09:38:19,17.4,-1.3
161,08/04/2022 09:38:19,17.5,-1.3
162,08/04/2022 09:38:20,17.5,-1.3
163,08/04/2022 09:38:20,17.6,-1.2
164,08/04/2022 09:38:20,17.7,-1.2
165,08/04/2022 09:38:20,17.8,-1.1
166,08/04/2022 09:38:20,17.9,-1.1
167,08/04/2022 09:38:21,18,-1
168,08/04/2022 09:38:21,18.1,-1
169,08/04/2022 09:38:21,18.2,-1
170,08/04/2022 09:38:21,18.3,-0.9
171,08/04/2022 09:38:21,18.4,-0.9
172,08/04/2022 09:38:22,18.5,-0.8
173,08/04/2022 09:38:22,18.5,-0.8
174,08/04/2022 09:38:22,18.6,-0.7
175,08/04/2022 09:38:22,18.7,-0.6
176,08/04/2022 09:38:22,18.7,-0.5
177,08/04/2022 09:38:23,18.8,-0.5
178,08/04/2022 09:38:23,18.9,-0.4
179,08/04/2022 09:38:23,18.9,-0.4
180,08/04/2022 09:38:23,18.9,-0.3
181,08/04/2022 09:38:23,18.9,-0.3
182,08/04/2022 09:38:24,19,-0.2
183,08/04/2022 09:38:24,19,-0.1
184,08/04/2022 09:38:24,19.1,-0.1
185,08/04/2022 09:38:24,19.1,0
186,08/04/2022 09:38:25,19.2,-0.1
187,08/04/2022 09:38:25,19.2,-0.1
188,08/04/2022 09:38:25,19.2,-0.1
189,08/04/2022 09:38:25,19.2,-0.1
190,08/04/2022 09:38:25,19.2,-0.1
191,08/04/2022 09:38:25,19.2,-0.1
192,08/04/2022 09:38:26,19.2,-0.1
193,08/04/2022 09:38:26,19.2,-0.1
194,08/04/2022 09:38:26,19.2,0
195,08/04/2022 09:38:26,19.2,0
196,08/04/2022 09:38:26,19.2,0
197,08/04/2022 09:38:27,19.2,0
198,08/04/2022 09:38:27,19.2,0.1
199,08/04/2022 09:38:27,19.3,0.2
200,08/04/2022 09:38:27,19.3,0.3
201,08/04/2022 09:38:27,19.3,0.3
202,08/04/2022 09:38:28,19.3,0.4
203,08/04/2022 09:38:28,19.4,0.4
204,08/04/2022 09:38:28,19.4,0.5
205,08/04/2022 09:38:28,19.5,0.5
206,08/04/2022 09:38:28,19.5,0.5
207,08/04/2022 09:38:29,19.6,0.6
208,08/04/2022 09:38:29,19.6,0.6
209,08/04/2022 09:38:29,19.6,0.7
210,08/04/2022 09:38:29,19.7,0.7
211,08/04/2022 09:38:29,19.7,0.8
212,08/04/2022 09:38:30,19.8,0.9
213,08/04/2022 09:38:30,19.8,0.9
214,08/04/2022 09:38:30,19.9,1
215,08/04/2022 09:38:30,20,1
216,08/04/2022 09:38:31,20.1,1
217,08/04/2022 09:38:31,20.1,1
218,08/04/2022 09:38:31,20.1,1.1
219,08/04/2022 09:38:31,20.2,1.1
220,08/04/2022 09:38:31,20.2,1.1
221,08/04/2022 09:38:32,20.2,1.1
222,08/04/2022 09:38:32,20.2,1.2
223,08/04/2022 09:38:32,20.2,1.2
224,08/04/2022 09:38:32,20.2,1.3
225,08/04/2022 09:38:32,20.2,1.3
226,08/04/2022 09:38:33,20.2,1.3
227,08/04/2022 09:38:33,20.2,1.4
228,08/04/2022 09:38:33,20.3,1.4
229,08/04/2022 09:38:33,20.3,1.4
230,08/04/2022 09:38:33,20.3,1.4
231,08/04/2022 09:38:34,20.3,1.5
232,08/04/2022 09:38:34,20.3,1.5
233,08/04/2022 09:38:34,20.3,1.5
234,08/04/2022 09:38:34,20.3,1.5
235,08/04/2022 09:38:34,20.3,1.5
236,08/04/2022 09:38:34,20.2,1.5
237,08/04/2022 09:38:35,20.2,1.5
238,08/04/2022 09:38:35,20.1,1.6
239,08/04/2022 09:38:35,20.1,1.6
240,08/04/2022 09:38:35,20.1,1.6
241,08/04/2022 09:38:36,20.1,1.6
242,08/04/2022 09:38:36,20.2,1.6
243,08/04/2022 09:38:36,20.3,1.7
244,08/04/2022 09:38:36,20.3,1.7
245,08/04/2022 09:38:36,20.4,1.7
246,08/04/2022 09:38:37,20.5,1.7
247,08/04/2022 09:38:37,20.6,1.7
248,08/04/2022 09:38:37,20.7,1.7
249,08/04/2022 09:38:37,20.7,1.7
250,08/04/2022 09:38:37,20.8,1.7
251,08/04/2022 09:38:38,20.9,1.6
252,08/04/2022 09:38:38,20.9,1.6
253,08/04/2022 09:38:38,20.9,1.6
254,08/04/2022 09:38:38,21,1.6
255,08/04/2022 09:38:38,21,1.6
256,08/04/2022 09:38:39,21,1.6
257,08/04/2022 09:38:39,20.9,1.6
258,08/04/2022 09:38:39,20.9,1.6
259,08/04/2022 09:38:39,20.9,1.6
260,08/04/2022 09:38:39,20.9,1.6
261,08/04/2022 09:38:40,20.9,1.6
262,08/04/2022 09:38:40,20.9,1.6
263,08/04/2022 09:38:40,20.9,1.6
264,08/04/2022 09:38:40,20.8,1.6
265,08/04/2022 09:38:40,20.8,1.6
266,08/04/2022 09:38:41,20.8,1.6
267,08/04/2022 09:38:41,20.8,1.6
268,08/04/2022 09:38:41,20.8,1.6
269,08/04/2022 09:38:41,20.8,1.7
270,08/04/2022 09:38:41,20.8,1.7
271,08/04/2022 09:38:42,20.8,1.7
272,08/04/2022 09:38:42,20.7,1.7
273,08/04/2022 09:38:42,20.6,1.7
274,08/04/2022 09:38:42,20.6,1.6
275,08/04/2022 09:38:42,20.6,1.6
276,08/04/2022 09:38:43,20.5,1.6
277,08/04/2022 09:38:43,20.5,1.6
278,08/04/2022 09:38:43,20.5,1.7
279,08/04/2022 09:38:43,20.5,1.6
280,08/04/2022 09:38:43,20.5,1.6
281,08/04/2022 09:38:44,20.4,1.6
282,08/04/2022 09:38:44,20.4,1.6
283,08/04/2022 09:38:44,20.4,1.5
284,08/04/2022 09:38:44,20.4,1.5
285,08/04/2022 09:38:44,20.4,1.5
286,08/04/2022 09:38:45,20.4,1.5
287,08/04/2022 09:38:45,20.4,1.5
288,08/04/2022 09:38:45,20.4,1.5
289,08/04/2022 09:38:45,20.3,1.5
290,08/04/2022 09:38:45,20.3,1.4
291,08/04/2022 09:38:46,20.2,1.4
292,08/04/2022 09:38:46,20.2,1.4
293,08/04/2022 09:38:46,20.2,1.5
294,08/04/2022 09:38:46,20.3,1.5
295,08/04/2022 09:38:46,20.3,1.5
296,08/04/2022 09:38:47,20.4,1.5
297,08/04/2022 09:38:47,20.5,1.5
298,08/04/2022 09:38:47,20.5,1.5
299,08/04/2022 09:38:47,20.5,1.5
300,08/04/2022 09:38:47,20.4,1.5
301,08/04/2022 09:38:48,20.3,1.5
302,08/04/2022 09:38:48,20.1,1.5
303,08/04/2022 09:38:48,14.9,1.5
304,08/04/2022 09:38:48,9.5,1.5
305,08/04/2022 09:38:48,7.5,1.6
306,08/04/2022 09:38:49,6,1.6
307,08/04/2022 09:38:49,4.1,1.6
308,08/04/2022 09:38:49,2.7,1.6
309,08/04/2022 09:38:49,2.4,1.6
310,08/04/2022 09:38:49,2.4,1.5
311,08/04/2022 09:38:50,2.5,1.5
312,08/04/2022 09:38:50,2.5,1.5
313,08/04/2022 09:38:50,2.6,1.4
314,08/04/2022 09:38:50,2.6,1.4
315,08/04/2022 09:38:50,2.6,1.4
316,08/04/2022 09:38:51,2.7,1.4
317,08/04/2022 09:38:51,2.7,1.3
318,08/04/2022 09:38:51,2.7,1.3
319,08/04/2022 09:38:51,2.7,1.3
320,08/04/2022 09:38:51,2.7,1.3
321,08/04/2022 09:38:52,2.8,1.3
322,08/04/2022 09:38:52,2.8,1.3
323,08/04/2022 09:38:52,2.9,1.3
324,08/04/2022 09:38:52,3,1.3
325,08/04/2022 09:38:52,3,1.4
326,08/04/2022 09:38:53,3.1,1.4
327,08/04/2022 09:38:53,3.1,1.3
328,08/04/2022 09:38:53,3.1,1.3
329,08/04/2022 09:38:53,3.2,1.3
330,08/04/2022 09:38:53,3.1,1.3
331,08/04/2022 09:38:54,3.1,1.2
332,08/04/2022 09:38:54,3.1,1.2
333,08/04/2022 09:38:54,3,1.2
334,08/04/2022 09:38:54,2.9,1.2
335,08/04/2022 09:38:54,2.8,1.2
336,08/04/2022 09:38:55,2.7,1.2
337,08/04/2022 09:38:55,2.5,1.2
338,08/04/2022 09:38:55,2.4,1.2
339,08/04/2022 09:38:55,2.3,1.2
340,08/04/2022 09:38:55,2.2,1.2
341,08/04/2022 09:38:56,2.1,1.3
342,08/04/2022 09:38:56,1.9,1.3
343,08/04/2022 09:38:56,1.8,1.3
344,08/04/2022 09:38:56,1.7,1.4
345,08/04/2022 09:38:56,1.5,1.4
346,08/04/2022 09:38:57,1.4,1.4
347,08/04/2022 09:38:57,1.3,1.5
348,08/04/2022 09:38:57,1.2,1.5
349,08/04/2022 09:38:57,1.1,1.5
350,08/04/2022 09:38:57,1,1.5
351,08/04/2022 09:38:58,0.9,1.5
352,08/04/2022 09:38:58,0.8,1.6
353,08/04/2022 09:38:58,0.7,1.6
354,08/04/2022 09:38:58,0.5,1.6
355,08/04/2022 09:38:58,0.4,1.6
356,08/04/2022 09:38:59,0.3,1.6
357,08/04/2022 09:38:59,0.1,1.5
358,08/04/2022 09:38:59,0,1.5
359,08/04/2022 09:38:59,0,1.6
360,08/04/2022 09:38:59,-0.2,1.6
361,08/04/2022 09:39:00,-0.3,1.6
362,08/04/2022 09:39:00,-0.4,1.7
363,08/04/2022 09:39:00,-0.5,1.8
364,08/04/2022 09:39:00,-0.6,1.8
365,08/04/2022 09:39:00,-0.8,1.9
366,08/04/2022 09:39:01,-0.9,1.9
367,08/04/2022 09:39:01,-1,1.9
368,08/04/2022 09:39:01,-1.1,2
369,08/04/2022 09:39:01,-1.2,2
370,08/04/2022 09:39:01,-1.3,2
371,08/04/2022 09:39:02,-1.4,2
372,08/04/2022 09:39:02,-1.5,2
373,08/04/2022 09:39:02,-1.6,2.1
374,08/04/2022 09:39:02,-1.7,2.1
375,08/04/2022 09:39:02,-1.8,2.1
376,08/04/2022 09:39:03,-1.9,2.1
377,08/04/2022 09:39:03,-2,2.1
378,08/04/2022 09:39:03,-2.1,2.1
379,08/04/2022 09:39:03,-2.2,2.1
380,08/04/2022 09:39:03,-2.2,2.1
381,08/04/2022 09:39:04,-2.3,2.1
382,08/04/2022 09:39:04,-2.4,2.1
383,08/04/2022 09:39:04,-2.4,2.1
384,08/04/2022 09:39:04,-2.5,2.1
385,08/04/2022 09:39:04,-2.5,2.1
386,08/04/2022 09:39:05,-2.5,2.2
387,08/04/2022 09:39:05,-2.6,2.2
388,08/04/2022 09:39:05,-2.6,2.2
389,08/04/2022 09:39:05,-2.6,2.2
390,08/04/2022 09:39:05,-2.7,2.2
391,08/04/2022 09:39:06,-2.8,2.2
392,08/04/2022 09:39:06,-2.9,2.2
393,08/04/2022 09:39:06,-3,2.2
394,08/04/2022 09:39:06,-3.1,2.2
395,08/04/2022 09:39:06,-3.2,2.2
396,08/04/2022 09:39:07,-3.3,2.1
397,08/04/2022 09:39:07,-3.4,2.1
398,08/04/2022 09:39:07,-3.4,2
399,08/04/2022 09:39:07,-3.5,2
400,08/04/2022 09:39:07,-3.5,2
401,08/04/2022 09:39:08,-3.6,2
402,08/04/2022 09:39:08,-3.7,2
403,08/04/2022 09:39:08,-3.7,2
404,08/04/2022 09:39:08,-3.8,2
405,08/04/2022 09:39:08,-3.9,2
406,08/04/2022 09:39:09,-3.9,2
407,08/04/2022 09:39:09,-4,2
408,08/04/2022 09:39:09,-4.1,2
409,08/04/2022 09:39:09,-4.1,1.9
410,08/04/2022 09:39:09,-4.2,1.9
411,08/04/2022 09:39:10,-4.2,1.9
412,08/04/2022 09:39:10,-4.2,1.8
413,08/04/2022 09:39:10,-4.2,1.8
414,08/04/2022 09:39:10,-4.2,1.8
415,08/04/2022 09:39:10,-4.2,1.8
416,08/04/2022 09:39:11,-4.1,1.8
417,08/04/2022 09:39:11,-4,1.8
418,08/04/2022 09:39:11,-3.9,1.8
419,08/04/2022 09:39:11,-3.9,1.8
420,08/04/2022 09:39:11,-3.9,1.8
421,08/04/2022 09:39:12,-3.9,1.8
422,08/04/2022 09:39:12,-4,1.8
423,08/04/2022 09:39:12,-4,1.8
424,08/04/2022 09:39:12,-4.1,1.8
425,08/04/2022 09:39:12,-4.1,1.8
426,08/04/2022 09:39:13,-4.2,1.8
427,08/04/2022 09:39:13,-4.3,1.8
428,08/04/2022 09:39:13,-4.3,1.8
429,08/04/2022 09:39:13,-4.4,1.7
430,08/04/2022 09:39:13,-4.4,1.8
431,08/04/2022 09:39:14,-4.4,1.8
432,08/04/2022 09:39:14,-4.5,1.8
433,08/04/2022 09:39:14,-4.5,1.8
434,08/04/2022 09:39:14,-4.5,1.8
435,08/04/2022 09:39:14,-4.5,1.8
436,08/04/2022 09:39:15,-4.5,1.8
437,08/04/2022 09:39:15,-4.5,1.8
438,08/04/2022 09:39:15,-4.6,1.9
439,08/04/2022 09:39:15,-4.6,1.8
440,08/04/2022 09:39:15,-4.6,1.9
441,08/04/2022 09:39:16,-4.6,1.9
442,08/04/2022 09:39:16,-4.6,1.9
443,08/04/2022 09:39:16,-4.6,1.9
444,08/04/2022 09:39:16,-4.7,1.9
445,08/04/2022 09:39:16,-4.7,1.9
446,08/04/2022 09:39:17,-4.8,2
447,08/04/2022 09:39:17,-4.8,2
448,08/04/2022 09:39:17,-4.9,2
449,08/04/2022 09:39:17,-4.9,2
450,08/04/2022 09:39:17,-4.9,2
451,08/04/2022 09:39:18,-5,2
452,08/04/2022 09:39:18,-5,2
453,08/04/2022 09:39:18,-5.1,2
454,08/04/2022 09:39:18,-5.1,2
455,08/04/2022 09:39:18,-5.2,2
456,08/04/2022 09:39:19,-5.3,1.9
457,08/04/2022 09:39:19,-5.4,1.9
458,08/04/2022 09:39:19,-5.5,1.9
459,08/04/2022 09:39:19,-5.6,1.8
460,08/04/2022 09:39:19,-5.7,1.8
461,08/04/2022 09:39:20,-5.8,1.8
462,08/04/2022 09:39:20,-5.9,1.8
463,08/04/2022 09:39:20,-5.9,1.7
464,08/04/2022 09:39:20,-5.9,1.7
465,08/04/2022 09:39:20,-5.9,1.7
466,08/04/2022 09:39:21,-6,1.7
467,08/04/2022 09:39:21,-6,1.7
468,08/04/2022 09:39:21,-6,1.7
469,08/04/2022 09:39:21,-6,1.7
470,08/04/2022 09:39:21,-6,1.7
471,08/04/2022 09:39:22,-6,1.7
472,08/04/2022 09:39:22,-6,1.6
473,08/04/2022 09:39:22,-6,1.6
474,08/04/2022 09:39:22,-6,1.6
475,08/04/2022 09:39:22,-6,1.6
476,08/04/2022 09:39:23,-5.9,1.6
477,08/04/2022 09:39:23,-5.9,1.6
478,08/04/2022 09:39:23,-6,1.5
479,08/04/2022 09:39:23,-6,1.5
480,08/04/2022 09:39:23,-6,1.5
481,08/04/2022 09:39:24,-6,1.5
482,08/04/2022 09:39:24,-6.1,1.5
483,08/04/2022 09:39:24,-6.1,1.5
484,08/04/2022 09:39:24,-6.1,1.5
485,08/04/2022 09:39:24,-6.1,1.5
486,08/04/2022 09:39:25,-6.1,1.5
487,08/04/2022 09:39:25,-6.1,1.5
488,08/04/2022 09:39:25,-6.1,1.5
489,08/04/2022 09:39:25,-6.1,1.5
490,08/04/2022 09:39:25,-6.1,1.5
491,08/04/2022 09:39:26,-6.1,1.5
492,08/04/2022 09:39:26,-6.2,1.5
493,08/04/2022 09:39:26,-6.2,1.5
494,08/04/2022 09:39:26,-6.2,1.5
495,08/04/2022 09:39:26,-6.2,1.5
496,08/04/2022 09:39:27,-6.3,1.5
497,08/04/2022 09:39:27,-6.3,1.5
498,08/04/2022 09:39:27,-6.4,1.5
499,08/04/2022 09:39:27,-6.4,1.5
500,08/04/2022 09:39:27,-6.4,1.5
501,08/04/2022 09:39:28,-6.4,1.4
502,08/04/2022 09:39:28,-6.4,1.4
503,08/04/2022 09:39:28,-6.4,1.3
504,08/04/2022 09:39:28,-6.4,1.3
505,08/04/2022 09:39:28,-6.4,1.2
506,08/04/2022 09:39:29,-6.4,1.2
507,08/04/2022 09:39:29,-6.4,1.1
508,08/04/2022 09:39:29,-6.5,1.1
509,08/04/2022 09:39:29,-6.5,1
510,08/04/2022 09:39:29,-6.5,0.9
511,08/04/2022 09:39:30,-6.5,0.9
512,08/04/2022 09:39:30,-6.6,0.8
513,08/04/2022 09:39:30,-6.6,0.8
514,08/04/2022 09:39:30,-6.6,0.9
515,08/04/2022 09:39:30,-6.6,0.9
516,08/04/2022 09:39:31,-6.6,0.9
517,08/04/2022 09:39:31,-6.6,0.9
518,08/04/2022 09:39:31,-6.6,1
519,08/04/2022 09:39:31,-6.6,1
520,08/04/2022 09:39:31,-6.6,1
521,08/04/2022 09:39:32,-6.6,1.1
522,08/04/2022 09:39:32,-6.6,1.1
523,08/04/2022 09:39:32,-6.6,1.1
524,08/04/2022 09:39:32,-6.7,1.1
525,08/04/2022 09:39:32,-6.7,1.1
526,08/04/2022 09:39:33,-6.8,1.1
527,08/04/2022 09:39:33,-6.8,1
528,08/04/2022 09:39:33,-6.8,1.1
529,08/04/2022 09:39:33,-6.8,1.1
530,08/04/2022 09:39:33,-6.8,1.1
531,08/04/2022 09:39:34,-6.8,1
532,08/04/2022 09:39:34,-6.8,1
533,08/04/2022 09:39:34,-6.8,1
534,08/04/2022 09:39:34,-6.9,1
535,08/04/2022 09:39:34,-6.9,1
536,08/04/2022 09:39:35,-6.9,1
537,08/04/2022 09:39:35,-6.9,1
538,08/04/2022 09:39:35,-6.9,0.9
539,08/04/2022 09:39:35,-6.9,0.9
540,08/04/2022 09:39:35,-6.9,0.9
541,08/04/2022 09:39:36,-6.8,0.9
542,08/04/2022 09:39:36,-6.8,0.9
543,08/04/2022 09:39:36,-6.8,0.9
544,08/04/2022 09:39:36,-6.7,0.9
545,08/04/2022 09:39:36,-6.7,0.9
546,08/04/2022 09:39:37,-6.7,0.9
547,08/04/2022 09:39:37,-6.7,0.9
548,08/04/2022 09:39:37,-6.7,0.9
549,08/04/2022 09:39:37,-6.7,0.9
550,08/04/2022 09:39:37,-6.7,0.9
551,08/04/2022 09:39:38,-6.7,0.9
552,08/04/2022 09:39:38,-6.7,0.9
553,08/04/2022 09:39:38,-6.8,0.9
554,08/04/2022 09:39:38,-6.8,0.9
555,08/04/2022 09:39:38,-6.8,0.9
556,08/04/2022 09:39:39,-6.8,0.9
557,08/04/2022 09:39:39,-6.8,0.9
558,08/04/2022 09:39:39,-6.8,1
559,08/04/2022 09:39:39,-6.8,1
560,08/04/2022 09:39:39,-6.8,1
561,08/04/2022 09:39:40,-6.7,1
562,08/04/2022 09:39:40,-6.7,1
563,08/04/2022 09:39:40,-6.6,1
564,08/04/2022 09:39:40,-6.6,1
565,08/04/2022 09:39:40,-6.6,1
566,08/04/2022 09:39:41,-6.6,1
567,08/04/2022 09:39:41,-6.6,1
568,08/04/2022 09:39:41,-6.6,1
569,08/04/2022 09:39:41,-6.6,1
570,08/04/2022 09:39:41,-6.7,1
571,08/04/2022 09:39:42,-6.7,1
572,08/04/2022 09:39:42,-6.7,1
573,08/04/2022 09:39:42,-6.7,1
574,08/04/2022 09:39:42,-6.7,1
575,08/04/2022 09:39:42,-6.7,1
576,08/04/2022 09:39:43,-6.7,1
577,08/04/2022 09:39:43,-6.7,1
578,08/04/2022 09:39:43,-6.7,1
579,08/04/2022 09:39:43,-6.7,1
580,08/04/2022 09:39:43,-6.7,1
581,08/04/2022 09:39:44,-6.7,1
582,08/04/2022 09:39:44,-6.7,1
583,08/04/2022 09:39:44,-6.7,1
584,08/04/2022 09:39:44,-6.7,1
585,08/04/2022 09:39:44,-6.7,1
586,08/04/2022 09:39:45,-6.7,1
587,08/04/2022 09:39:45,-6.7,1
588,08/04/2022 09:39:45,-6.8,1
589,08/04/2022 09:39:45,-6.8,1.1
590,08/04/2022 09:39:45,-6.8,1.2
591,08/04/2022 09:39:46,-6.8,1.2
592,08/04/2022 09:39:46,-6.8,1.2
593,08/04/2022 09:39:46,-6.8,1.3
594,08/04/2022 09:39:46,-6.8,1.3
595,08/04/2022 09:39:46,-6.8,1.3
596,08/04/2022 09:39:47,-6.9,1.3
597,08/04/2022 09:39:47,-6.9,1.3
598,08/04/2022 09:39:47,-6.9,1.3
599,08/04/2022 09:39:47,-7,1.3
600,08/04/2022 09:39:47,-7,1.3
601,08/04/2022 09:39:48,-7,1.3
602,08/04/2022 09:39:48,-7.1,1.3
603,08/04/2022 09:39:48,-7.1,1.4
604,08/04/2022 09:39:48,-7.2,1.4
605,08/04/2022 09:39:48,-7.2,1.4
606,08/04/2022 09:39:49,-7.2,1.3
607,08/04/2022 09:39:49,-7.3,1.3
608,08/04/2022 09:39:49,-7.4,1.4
609,08/04/2022 09:39:49,-7.4,1.4
610,08/04/2022 09:39:49,-7.4,1.4
611,08/04/2022 09:39:50,-7.4,1.4
612,08/04/2022 09:39:50,-7.4,1.4
613,08/04/2022 09:39:50,-7.4,1.4
614,08/04/2022 09:39:50,-7.4,1.4
615,08/04/2022 09:39:50,-7.5,1.4
616,08/04/2022 09:39:51,-7.6,1.4
617,08/04/2022 09:39:51,-7.7,1.4
618,08/04/2022 09:39:51,-7.7,1.3
619,08/04/2022 09:39:51,-7.8,1.3
620,08/04/2022 09:39:51,-7.8,1.3
621,08/04/2022 09:39:52,-7.8,1.3
622,08/04/2022 09:39:52,-7.8,1.3
623,08/04/2022 09:39:52,-7.7,1.3
624,08/04/2022 09:39:52,-7.7,1.3
625,08/04/2022 09:39:52,-7.7,1.3
626,08/04/2022 09:39:53,-7.6,1.3
627,08/04/2022 09:39:53,-7.6,1.3
628,08/04/2022 09:39:53,-7.6,1.2
629,08/04/2022 09:39:53,-7.5,1.2
630,08/04/2022 09:39:53,-7.5,1.2
631,08/04/2022 09:39:54,-7.5,1.2
632,08/04/2022 09:39:54,-7.5,1.2
633,08/04/2022 09:39:54,-7.5,1.2
634,08/04/2022 09:39:54,-7.5,1.2
635,08/04/2022 09:39:54,-7.5,1.2
636,08/04/2022 09:39:55,-7.5,1.2
637,08/04/2022 09:39:55,-7.5,1.2
638,08/04/2022 09:39:55,-7.5,1.2
639,08/04/2022 09:39:55,-7.5,1.2
640,08/04/2022 09:39:55,-7.5,1.1
641,08/04/2022 09:39:56,-7.5,1.1
642,08/04/2022 09:39:56,-7.5,1
643,08/04/2022 09:39:56,-7.6,1
644,08/04/2022 09:39:56,-7.6,0.9
645,08/04/2022 09:39:56,-7.6,0.9
646,08/04/2022 09:39:57,-7.7,1
647,08/04/2022 09:39:57,-7.7,1
648,08/04/2022 09:39:57,-7.7,1
649,08/04/2022 09:39:57,-7.7,1
650,08/04/2022 09:39:57,-7.7,1
651,08/04/2022 09:39:58,-7.7,1.1
652,08/04/2022 09:39:58,-7.7,1.1
653,08/04/2022 09:39:58,-7.7,1.1
654,08/04/2022 09:39:58,-7.7,1.1
655,08/04/2022 09:39:58,-7.7,1.1
656,08/04/2022 09:39:59,-7.7,1.1
657,08/04/2022 09:39:59,-7.8,1.1
658,08/04/2022 09:39:59,-7.8,1.1
659,08/04/2022 09:39:59,-7.8,1.1
660,08/04/2022 09:39:59,-7.8,1
661,08/04/2022 09:40:00,-7.8,1
662,08/04/2022 09:40:00,-7.7,0.9
663,08/04/2022 09:40:00,-7.7,0.8
664,08/04/2022 09:40:00,-7.6,0.8
665,08/04/2022 09:40:00,-7.6,0.7
666,08/04/2022 09:40:01,-7.5,0.7
667,08/04/2022 09:40:01,-7.5,0.6
668,08/04/2022 09:40:01,-7.5,0.6
669,08/04/2022 09:40:01,-7.5,0.6
670,08/04/2022 09:40:01,-7.5,0.6
671,08/04/2022 09:40:02,-7.5,0.6
672,08/04/2022 09:40:02,-7.5,0.5
673,08/04/2022 09:40:02,-7.6,0.5
674,08/04/2022 09:40:02,-7.6,0.4
675,08/04/2022 09:40:02,-7.6,0.4
676,08/04/2022 09:40:03,-7.6,0.4
677,08/04/2022 09:40:03,-7.6,0.4
678,08/04/2022 09:40:03,-7.6,0.4
679,08/04/2022 09:40:03,-7.6,0.4
680,08/04/2022 09:40:03,-7.5,0.4
681,08/04/2022 09:40:04,-7.5,0.4
682,08/04/2022 09:40:04,-7.5,0.4
683,08/04/2022 09:40:04,-7.4,0.3
684,08/04/2022 09:40:04,-7.4,0.3
685,08/04/2022 09:40:04,-7.4,0.3
686,08/04/2022 09:40:05,-7.4,0.3
687,08/04/2022 09:40:05,-7.3,0.2
688,08/04/2022 09:40:05,-7.3,0.2
689,08/04/2022 09:40:05,-7.2,0.2
690,08/04/2022 09:40:05,-7.2,0.2
691,08/04/2022 09:40:06,-7.1,0.2
692,08/04/2022 09:40:06,-7.2,0.2
693,08/04/2022 09:40:06,-7.2,0.2
694,08/04/2022 09:40:06,-7.2,0.2
695,08/04/2022 09:40:06,-7.2,0.2
696,08/04/2022 09:40:07,-7.2,0.1
697,08/04/2022 09:40:07,-7.2,0.1
698,08/04/2022 09:40:07,-7.2,0.2
699,08/04/2022 09:40:07,-7.2,0.2
700,08/04/2022 09:40:07,-7.2,0.2
701,08/04/2022 09:40:08,-7.2,0.2
702,08/04/2022 09:40:08,-7.2,0.2
703,08/04/2022 09:40:08,-7.2,0.2
704,08/04/2022 09:40:08,-7.2,0.3
705,08/04/2022 09:40:08,-7.2,0.3
706,08/04/2022 09:40:09,-7.3,0.3
707,08/04/2022 09:40:09,-7.3,0.3
708,08/04/2022 09:40:09,-7.3,0.3
709,08/04/2022 09:40:09,-7.3,0.3
710,08/04/2022 09:40:09,-7.3,0.3
711,08/04/2022 09:40:10,-7.3,0.3
712,08/04/2022 09:40:10,-7.3,0.2
713,08/04/2022 09:40:10,-7.3,0.2
714,08/04/2022 09:40:10,-7.3,0.2
715,08/04/2022 09:40:10,-7.3,0.2
716,08/04/2022 09:40:11,-7.3,0.1
717,08/04/2022 09:40:11,-7.3,0.1
718,08/04/2022 09:40:11,-7.3,0.1
719,08/04/2022 09:40:11,-7.3,0.1
720,08/04/2022 09:40:11,-7.3,0.1
721,08/04/2022 09:40:12,-7.3,0.1
722,08/04/2022 09:40:12,-7.3,0
723,08/04/2022 09:40:12,-7.3,0
724,08/04/2022 09:40:12,-7.4,0
725,08/04/2022 09:40:12,-7.4,0
726,08/04/2022 09:40:13,-7.4,0
727,08/04/2022 09:40:13,-7.4,0
728,08/04/2022 09:40:13,-7.5,0
729,08/04/2022 09:40:13,-7.5,0
730,08/04/2022 09:40:13,-7.5,0
731,08/04/2022 09:40:14,-7.5,0
732,08/04/2022 09:40:14,-7.5,0
733,08/04/2022 09:40:14,-7.4,0.1
734,08/04/2022 09:40:14,-7.4,0.1
735,08/04/2022 09:40:14,-7.4,0.1
736,08/04/2022 09:40:15,-7.4,0.1
737,08/04/2022 09:40:15,-7.4,0.1
738,08/04/2022 09:40:15,-7.3,0.1
739,08/04/2022 09:40:15,-7.3,0.1
740,08/04/2022 09:40:15,-7.3,0.1
741,08/04/2022 09:40:16,-7.4,0.1
742,08/04/2022 09:40:16,-7.4,0
743,08/04/2022 09:40:16,-7.4,0
744,08/04/2022 09:40:16,-7.4,0
745,08/04/2022 09:40:16,-7.4,0
746,08/04/2022 09:40:17,-7.4,0
747,08/04/2022 09:40:17,-7.3,0
748,08/04/2022 09:40:17,-7.3,0
749,08/04/2022 09:40:17,-7.3,0
750,08/04/2022 09:40:17,-7.2,0
751,08/04/2022 09:40:18,-7.2,0.1
752,08/04/2022 09:40:18,-7.3,0.1
753,08/04/2022 09:40:18,-7.3,0.2
754,08/04/2022 09:40:18,-7.3,0.2
755,08/04/2022 09:40:18,-7.3,0.3
756,08/04/2022 09:40:19,-7.4,0.4
757,08/04/2022 09:40:19,-7.4,0.5
758,08/04/2022 09:40:19,-7.4,0.5
759,08/04/2022 09:40:19,-7.4,0.5
760,08/04/2022 09:40:19,-7.4,0.5
761,08/04/2022 09:40:20,-7.4,0.6
762,08/04/2022 09:40:20,-7.5,0.6
763,08/04/2022 09:40:20,-7.5,0.6
764,08/04/2022 09:40:20,-7.6,0.6
765,08/04/2022 09:40:20,-7.6,0.7
766,08/04/2022 09:40:21,-7.6,0.7
767,08/04/2022 09:40:21,-7.7,0.7
768,08/04/2022 09:40:21,-7.7,0.7
769,08/04/2022 09:40:21,-7.7,0.8
770,08/04/2022 09:40:21,-7.7,0.8
771,08/04/2022 09:40:22,-7.8,0.9
772,08/04/2022 09:40:22,-7.8,1
773,08/04/2022 09:40:22,-7.8,1
774,08/04/2022 09:40:22,-7.8,1.1
775,08/04/2022 09:40:22,-7.8,1.2
776,08/04/2022 09:40:23,-7.8,1.2
777,08/04/2022 09:40:23,-7.8,1.2
778,08/04/2022 09:40:23,-7.8,1.3
779,08/04/2022 09:40:23,-7.8,1.3
780,08/04/2022 09:40:23,-7.8,1.4
781,08/04/2022 09:40:24,-7.8,1.5
782,08/04/2022 09:40:24,-7.8,1.5
783,08/04/2022 09:40:24,-7.8,1.5
784,08/04/2022 09:40:24,-7.9,1.5
785,08/04/2022 09:40:24,-7.9,1.6
786,08/04/2022 09:40:25,-8,1.6
787,08/04/2022 09:40:25,-8,1.6
788,08/04/2022 09:40:25,-8.1,1.6
789,08/04/2022 09:40:25,-8.2,1.6
790,08/04/2022 09:40:25,-8.2,1.6
791,08/04/2022 09:40:26,-8.3,1.6
792,08/04/2022 09:40:26,-8.4,1.6
793,08/04/2022 09:40:26,-8.4,1.5
794,08/04/2022 09:40:26,-8.4,1.5
795,08/04/2022 09:40:26,-8.4,1.5
796,08/04/2022 09:40:27,-8.5,1.4
797,08/04/2022 09:40:27,-8.5,1.4
798,08/04/2022 09:40:27,-8.5,1.3
799,08/04/2022 09:40:27,-8.5,1.3
800,08/04/2022 09:40:27,-8.6,1.3
801,08/04/2022 09:40:28,-8.6,1.2
802,08/04/2022 09:40:28,-8.6,1.2
803,08/04/2022 09:40:28,-8.6,1.2
804,08/04/2022 09:40:28,-8.7,1.2
805,08/04/2022 09:40:28,-8.7,1.2
806,08/04/2022 09:40:29,-8.7,1.2
807,08/04/2022 09:40:29,-8.7,1.2
808,08/04/2022 09:40:29,-8.6,1.2
809,08/04/2022 09:40:29,-8.6,1.2
810,08/04/2022 09:40:29,-8.6,1.2
811,08/04/2022 09:40:30,-8.6,1.2
812,08/04/2022 09:40:30,-8.6,1.2
813,08/04/2022 09:40:30,-8.6,1.1
814,08/04/2022 09:40:30,-8.6,1.2
815,08/04/2022 09:40:30,-8.6,1.2
816,08/04/2022 09:40:31,-8.7,1.2
817,08/04/2022 09:40:31,-8.7,1.3
818,08/04/2022 09:40:31,-8.8,1.3
819,08/04/2022 09:40:31,-8.8,1.3
820,08/04/2022 09:40:31,-8.8,1.3
821,08/04/2022 09:40:32,-8.9,1.3
822,08/04/2022 09:40:32,-8.9,1.3
823,08/04/2022 09:40:32,-8.9,1.3
824,08/04/2022 09:40:32,-9,1.2
825,08/04/2022 09:40:32,-9,1.2
826,08/04/2022 09:40:33,-9,1.1
827,08/04/2022 09:40:33,-9,1.1
828,08/04/2022 09:40:33,-9,1
829,08/04/2022 09:40:33,-9,1
830,08/04/2022 09:40:33,-8.9,1
831,08/04/2022 09:40:34,-8.9,1
832,08/04/2022 09:40:34,-8.9,1.1
833,08/04/2022 09:40:34,-8.8,1.1
834,08/04/2022 09:40:34,-8.8,1.1
835,08/04/2022 09:40:34,-8.8,1.1
836,08/04/2022 09:40:35,-8.8,1.1
837,08/04/2022 09:40:35,-8.7,1.1
838,08/04/2022 09:40:35,-8.7,1.1
839,08/04/2022 09:40:35,-8.7,1.1
840,08/04/2022 09:40:35,-8.7,1.1
841,08/04/2022 09:40:36,-8.7,1.1
842,08/04/2022 09:40:36,-8.7,1.1
843,08/04/2022 09:40:36,-8.6,1.1
844,08/04/2022 09:40:36,-8.6,1.1
845,08/04/2022 09:40:36,-8.6,1.1
846,08/04/2022 09:40:37,-8.6,1.2
847,08/04/2022 09:40:37,-8.6,1.2
848,08/04/2022 09:40:37,-8.6,1.2
849,08/04/2022 09:40:37,-8.6,1.2
850,08/04/2022 09:40:37,-8.6,1.2
851,08/04/2022 09:40:38,-8.6,1.3
852,08/04/2022 09:40:38,-8.6,1.3
853,08/04/2022 09:40:38,-8.6,1.3
854,08/04/2022 09:40:38,-8.6,1.3
855,08/04/2022 09:40:38,-8.6,1.4
856,08/04/2022 09:40:39,-8.7,1.4
857,08/04/2022 09:40:39,-8.7,1.5
858,08/04/2022 09:40:39,-8.7,1.6
859,08/04/2022 09:40:39,-8.7,1.6
860,08/04/2022 09:40:39,-8.7,1.6
861,08/04/2022 09:40:40,-8.8,1.7
862,08/04/2022 09:40:40,-8.8,1.7
863,08/04/2022 09:40:40,-8.8,1.8
864,08/04/2022 09:40:40,-8.8,1.9
865,08/04/2022 09:40:40,-8.8,1.9
866,08/04/2022 09:40:41,-8.8,1.9
867,08/04/2022 09:40:41,-8.8,1.9
868,08/04/2022 09:40:41,-8.9,2
869,08/04/2022 09:40:41,-8.9,2
870,08/04/2022 09:40:41,-8.9,2
871,08/04/2022 09:40:42,-9,2
872,08/04/2022 09:40:42,-9,2
873,08/04/2022 09:40:42,-9,2.1
874,08/04/2022 09:40:42,-9,2.2
875,08/04/2022 09:40:42,-9.1,2.2
876,08/04/2022 09:40:43,-9.1,2.2
877,08/04/2022 09:40:43,-9.1,2.3
878,08/04/2022 09:40:43,-9.1,2.3
879,08/04/2022 09:40:43,-9.1,2.3
880,08/04/2022 09:40:43,-9.1,2.3
881,08/04/2022 09:40:44,-9.2,2.3
882,08/04/2022 09:40:44,-9.2,2.3
883,08/04/2022 09:40:44,-9.2,2.3
884,08/04/2022 09:40:44,-9.2,2.2
885,08/04/2022 09:40:44,-9.2,2.1
886,08/04/2022 09:40:45,-9.2,2
887,08/04/2022 09:40:45,-9.2,2
888,08/04/2022 09:40:45,-9.2,1.9
889,08/04/2022 09:40:45,-9.2,1.9
890,08/04/2022 09:40:45,-9.3,1.9
891,08/04/2022 09:40:46,-9.3,1.9
892,08/04/2022 09:40:46,-9.3,1.9
893,08/04/2022 09:40:46,-9.2,1.9
894,08/04/2022 09:40:46,-9.2,1.9
895,08/04/2022 09:40:46,-9.2,1.9
896,08/04/2022 09:40:47,-9.2,1.9
897,08/04/2022 09:40:47,-9.2,2
898,08/04/2022 09:40:47,-9.2,2
899,08/04/2022 09:40:47,-9.2,2.1
900,08/04/2022 09:40:47,-9.1,2.1
901,08/04/2022 09:40:48,-9.1,2.2
902,08/04/2022 09:40:48,-9.1,2.2
903,08/04/2022 09:40:48,-9.1,2.3
904,08/04/2022 09:40:48,-9.1,2.3
905,08/04/2022 09:40:48,-9.1,2.3
906,08/04/2022 09:40:49,-9.1,2.3
907,08/04/2022 09:40:49,-9.1,2.3
908,08/04/2022 09:40:49,-9.1,2.3
909,08/04/2022 09:40:49,-9.1,2.3
910,08/04/2022 09:40:49,-9.1,2.3
911,08/04/2022 09:40:50,-9.1,2.3
912,08/04/2022 09:40:50,-9,2.3
913,08/04/2022 09:40:50,-9,2.3
914,08/04/2022 09:40:50,-9,2.3
915,08/04/2022 09:40:50,-9,2.3
916,08/04/2022 09:40:51,-9,2.3
917,08/04/2022 09:40:51,-9,2.3
918,08/04/2022 09:40:51,-9,2.4
919,08/04/2022 09:40:51,-9,2.4
920,08/04/2022 09:40:51,-9.1,2.4
921,08/04/2022 09:40:52,-9.1,2.5
922,08/04/2022 09:40:52,-9.1,2.5
923,08/04/2022 09:40:52,-9.2,2.5
924,08/04/2022 09:40:52,-9.2,2.5
925,08/04/2022 09:40:52,-9.2,2.5
926,08/04/2022 09:40:53,-9.2,2.4
927,08/04/2022 09:40:53,-9.2,2.4
928,08/04/2022 09:40:53,-9.2,2.4
929,08/04/2022 09:40:53,-9.2,2.3
930,08/04/2022 09:40:53,-9.2,2.2
931,08/04/2022 09:40:54,-9.2,2.1
932,08/04/2022 09:40:54,-9.2,2.1
933,08/04/2022 09:40:54,-9.3,2
934,08/04/2022 09:40:54,-9.3,2
935,08/04/2022 09:40:54,-9.3,2
936,08/04/2022 09:40:55,-9.3,2
937,08/04/2022 09:40:55,-9.3,2
938,08/04/2022 09:40:55,-9.3,1.9
939,08/04/2022 09:40:55,-9.3,1.9
940,08/04/2022 09:40:55,-9.4,1.9
941,08/04/2022 09:40:56,-9.4,1.9
942,08/04/2022 09:40:56,-9.5,1.9
943,08/04/2022 09:40:56,-9.5,1.9
944,08/04/2022 09:40:56,-9.5,1.9
945,08/04/2022 09:40:56,-9.5,1.9
946,08/04/2022 09:40:57,-9.5,1.9
947,08/04/2022 09:40:57,-9.5,1.9
948,08/04/2022 09:40:57,-9.5,2
949,08/04/2022 09:40:57,-9.5,2
950,08/04/2022 09:40:57,-9.5,2
951,08/04/2022 09:40:58,-9.5,2
952,08/04/2022 09:40:58,-9.6,2
953,08/04/2022 09:40:58,-9.6,2
954,08/04/2022 09:40:58,-9.7,2.1
955,08/04/2022 09:40:58,-9.7,2.1
956,08/04/2022 09:40:59,-9.7,2.1
957,08/04/2022 09:40:59,-9.7,2.1
958,08/04/2022 09:40:59,-9.7,2.1
959,08/04/2022 09:40:59,-9.8,2.1
960,08/04/2022 09:40:59,-9.8,2.2
961,08/04/2022 09:41:00,-9.8,2.2
962,08/04/2022 09:41:00,-9.8,2.3
963,08/04/2022 09:41:00,-9.8,2.3
964,08/04/2022 09:41:00,-9.8,2.3
965,08/04/2022 09:41:00,-9.8,2.3
966,08/04/2022 09:41:01,-9.7,2.4
967,08/04/2022 09:41:01,-9.7,2.4
968,08/04/2022 09:41:01,-9.6,2.4
969,08/04/2022 09:41:01,-9.6,2.5
970,08/04/2022 09:41:01,-9.5,2.5
971,08/04/2022 09:41:02,-9.5,2.6
972,08/04/2022 09:41:02,-9.5,2.6
973,08/04/2022 09:41:02,-9.4,2.6
974,08/04/2022 09:41:02,-9.4,2.7
975,08/04/2022 09:41:02,-9.3,2.7
976,08/04/2022 09:41:03,-9.3,2.6
977,08/04/2022 09:41:03,-9.2,2.6
978,08/04/2022 09:41:03,-9.1,2.6
979,08/04/2022 09:41:03,-9,2.6
980,08/04/2022 09:41:03,-9,2.6
981,08/04/2022 09:41:04,-9,2.6
982,08/04/2022 09:41:04,-9,2.5
983,08/04/2022 09:41:04,-9,2.5
984,08/04/2022 09:41:04,-9,2.5
985,08/04/2022 09:41:04,-9,2.5
986,08/04/2022 09:41:05,-9,2.5
987,08/04/2022 09:41:05,-8.9,2.5
988,08/04/2022 09:41:05,-8.9,2.5
989,08/04/2022 09:41:05,-8.8,2.5
990,08/04/2022 09:41:05,-8.7,2.5
991,08/04/2022 09:41:06,-8.5,2.5
992,08/04/2022 09:41:06,-8.3,2.5
993,08/04/2022 09:41:06,-8.1,2.5
994,08/04/2022 09:41:06,-7.9,2.5
995,08/04/2022 09:41:06,-1.7,2.5
996,08/04/2022 09:41:07,8.7,2.5
997,08/04/2022 09:41:07,12.6,2.5
998,08/04/2022 09:41:07,14.3,2.5
999,08/04/2022 09:41:07,14.9,2.5
1000,08/04/2022 09:41:07,15.2,2.5
1001,08/04/2022 09:41:08,15.2,2.5
1002,08/04/2022 09:41:08,15.2,2.5
1003,08/04/2022 09:41:08,15.3,2.5
1004,08/04/2022 09:41:08,15.3,2.5
1005,08/04/2022 09:41:08,15.3,2.5
1006,08/04/2022 09:41:09,15.3,2.5
1007,08/04/2022 09:41:09,15.3,2.5
1008,08/04/2022 09:41:09,15.3,2.5
1009,08/04/2022 09:41:09,15.3,2.5
1010,08/04/2022 09:41:09,15.3,2.5
1011,08/04/2022 09:41:10,15.3,2.5
1012,08/04/2022 09:41:10,15.3,2.5
1013,08/04/2022 09:41:10,15.3,2.5
1014,08/04/2022 09:41:10,15.4,2.5
1015,08/04/2022 09:41:10,15.4,2.4
1016,08/04/2022 09:41:11,15.4,2.4
1017,08/04/2022 09:41:11,15.4,2.3
1018,08/04/2022 09:41:11,15.4,2.3
1019,08/04/2022 09:41:11,15.4,2.3
1020,08/04/2022 09:41:11,15.4,2.3
1021,08/04/2022 09:41:12,15.5,2.3
1022,08/04/2022 09:41:12,15.5,2.3
1023,08/04/2022 09:41:12,15.5,2.3
1024,08/04/2022 09:41:12,15.5,2.3
1025,08/04/2022 09:41:12,15.5,2.2
1026,08/04/2022 09:41:13,15.5,2.2
1027,08/04/2022 09:41:13,15.5,2.2
1028,08/04/2022 09:41:13,15.5,2.2
1029,08/04/2022 09:41:13,15.5,2.2
1030,08/04/2022 09:41:13,15.5,2.2
1031,08/04/2022 09:41:14,15.5,2.2
1032,08/04/2022 09:41:14,15.5,2.2
1033,08/04/2022 09:41:14,15.5,2.2
1034,08/04/2022 09:41:14,15.5,2.2
1035,08/04/2022 09:41:15,15.6,2.2
1036,08/04/2022 09:41:15,15.6,2.1
1037,08/04/2022 09:41:15,15.6,2.1
1038,08/04/2022 09:41:15,15.6,2.1
1039,08/04/2022 09:41:15,15.6,2.1
1040,08/04/2022 09:41:15,15.6,2.1
1041,08/04/2022 09:41:16,15.6,2
1042,08/04/2022 09:41:16,15.6,2
1043,08/04/2022 09:41:16,15.7,2
1044,08/04/2022 09:41:16,15.7,2
1045,08/04/2022 09:41:16,15.7,2
1046,08/04/2022 09:41:17,15.7,2
1047,08/04/2022 09:41:17,15.7,2
1048,08/04/2022 09:41:17,15.7,2
1049,08/04/2022 09:41:17,15.7,2
1050,08/04/2022 09:41:17,15.7,2
1051,08/04/2022 09:41:18,15.7,2
1052,08/04/2022 09:41:18,15.7,2
1053,08/04/2022 09:41:18,15.7,2
1054,08/04/2022 09:41:18,15.7,2
1055,08/04/2022 09:41:18,15.7,2
1056,08/04/2022 09:41:19,15.7,2
1057,08/04/2022 09:41:19,15.7,2
